# GRAS free-field corrections, dB relative to the pressure response at 250 Hz.
# Source: https://www.grasacoustics.com/fileadmin-gras/downloads/GRAS_Free-field_and_Random_Incidence_Corrections.xlsx
# SHA-256 13ab5f3ccbbf1ab53774496cdcc9765e2d79180a99df50309188a7e502e7620b
# family,grid,diameterMm,frequencyHz,deg0,deg30,deg60,deg90
OneInch,Grid,25.4,500,0.01,0.001768,0.001768,0
OneInch,Grid,25.4,560,0.06,0.05305,0.017683,0
OneInch,Grid,25.4,630,0.11,0.123784,0.035367,0
OneInch,Grid,25.4,710,0.19,0.194518,0.070734,0
OneInch,Grid,25.4,800,0.27,0.247569,0.141468,0
OneInch,Grid,25.4,900,0.35,0.335986,0.212202,0
OneInch,Grid,25.4,1000,0.442087,0.40672,0.247569,0
OneInch,Grid,25.4,1120,0.530504,0.45977,0.282935,0
OneInch,Grid,25.4,1250,0.671972,0.562334,0.353669,0
OneInch,Grid,25.4,1400,0.739169,0.659593,0.452697,0
OneInch,Grid,25.4,1600,0.8771,0.739169,0.509284,0
OneInch,Grid,25.4,1800,1.004421,0.843501,0.565871,0
OneInch,Grid,25.4,2000,1.131742,0.954907,0.601238,0
OneInch,Grid,25.4,2240,1.303271,1.073386,0.70557,0
OneInch,Grid,25.4,2500,1.517241,1.276746,0.82405,0
OneInch,Grid,25.4,2800,1.748895,1.447922,0.925553,0
OneInch,Grid,25.4,3150,1.959328,1.630769,0.963218,0.03012
OneInch,Grid,25.4,3550,2.28771,1.937401,1.138462,0.087533
OneInch,Grid,25.4,4000,2.70557,2.302387,1.29443,0.112644
OneInch,Grid,25.4,4500,3.287356,2.848806,1.5084,0.19275
OneInch,Grid,25.4,5000,3.964633,3.51901,1.773652,0.287003
OneInch,Grid,25.4,5600,4.799293,4.251105,2.164456,0.367816
OneInch,Grid,25.4,6300,5.580902,5.034483,2.555261,0.530504
OneInch,Grid,25.4,7100,6.648983,5.676393,3.025641,0.558798
OneInch,Grid,25.4,8000,7.407604,6.415561,3.442971,0.535809
OneInch,Grid,25.4,9000,8.293546,7.055703,3.801945,0.116711
OneInch,Grid,25.4,10000,9.312113,7.771883,3.911583,-0.295314
OneInch,Grid,25.4,11200,10.198055,8.346596,3.833775,-0.953139
OneInch,Grid,25.4,12500,10.954907,8.972591,3.390805,-2.458002
OneInch,Grid,25.4,14000,11.423519,9.195402,2.608311,-4.878868
OneInch,Grid,25.4,16000,12.236958,9.354553,1.225818,-7.13351
OneInch,Grid,25.4,18000,13.068081,9.460654,-2.086649,-8.664898
HalfInchOpt1,Grid,12.7,500,0.040541,0.040541,0.040541,0.040541
HalfInchOpt1,Grid,12.7,560,0.031789,0.031789,0.013441,0.013441
HalfInchOpt1,Grid,12.7,630,0.037803,0.046978,0.01028,0.01028
HalfInchOpt1,Grid,12.7,710,0.043508,0.052682,0.015985,-0.002364
HalfInchOpt1,Grid,12.7,800,0.0668,0.057625,0.020928,-0.015769
HalfInchOpt1,Grid,12.7,900,0.073152,0.063977,0.008932,-0.046114
HalfInchOpt1,Grid,12.7,1000,0.086632,0.068283,-0.02346,-0.096854
HalfInchOpt1,Grid,12.7,1120,0.101851,0.046805,-0.035763,-0.145855
HalfInchOpt1,Grid,12.7,1250,0.132361,0.068141,0.00392,-0.142869
HalfInchOpt1,Grid,12.7,1400,0.166416,0.074673,0.028801,-0.154685
HalfInchOpt1,Grid,12.7,1600,0.205669,0.132274,0.05888,-0.161303
HalfInchOpt1,Grid,12.7,1800,0.257617,0.165874,0.101654,-0.173575
HalfInchOpt1,Grid,12.7,2000,0.31764,0.262594,0.152503,-0.141075
HalfInchOpt1,Grid,12.7,2240,0.396849,0.323455,0.195014,-0.126087
HalfInchOpt1,Grid,12.7,2500,0.493224,0.419829,0.263866,-0.084758
HalfInchOpt1,Grid,12.7,2800,0.602248,0.50133,0.262798,-0.095
HalfInchOpt1,Grid,12.7,3150,0.722733,0.594293,0.374109,-0.093781
HalfInchOpt1,Grid,12.7,3550,0.870529,0.668695,0.430162,-0.06525
HalfInchOpt1,Grid,12.7,4000,1.055035,0.816503,0.477053,-0.041295
HalfInchOpt1,Grid,12.7,4500,1.309232,1.034003,0.584461,-0.021043
HalfInchOpt1,Grid,12.7,5000,1.611932,1.318354,0.767896,0.052299
HalfInchOpt1,Grid,12.7,5600,1.94581,1.606361,0.954984,0.074251
HalfInchOpt1,Grid,12.7,6300,2.318188,1.923692,1.180573,0.116353
HalfInchOpt1,Grid,12.7,7100,2.80364,2.33575,1.473365,0.262356
HalfInchOpt1,Grid,12.7,8000,3.375341,2.824882,1.797359,0.494607
HalfInchOpt1,Grid,12.7,9000,4.088988,3.400914,2.2633,0.841281
HalfInchOpt1,Grid,12.7,10000,4.941551,4.189258,2.89568,1.317698
HalfInchOpt1,Grid,12.7,11200,5.909736,5.093223,3.460195,1.405149
HalfInchOpt1,Grid,12.7,12500,6.488472,5.497647,3.598564,0.974711
HalfInchOpt1,Grid,12.7,14000,7.19234,6.183166,3.85289,0.926285
HalfInchOpt1,Grid,12.7,16000,7.900018,6.780752,3.982587,0.60644
HalfInchOpt1,Grid,12.7,18000,8.816469,7.587112,4.330231,0.284359
HalfInchOpt1,Grid,12.7,20000,9.255889,7.64121,4.090752,-0.624845
HalfInchOpt1,NoGrid,12.7,500,0.031509,0.031509,0.041509,0.041509
HalfInchOpt1,NoGrid,12.7,560,0.018408,0.018408,0.008408,0.008408
HalfInchOpt1,NoGrid,12.7,630,0.022916,0.032916,-0.007084,-0.007084
HalfInchOpt1,NoGrid,12.7,710,0.055149,0.065149,0.025149,0.005149
HalfInchOpt1,NoGrid,12.7,800,0.062212,0.052212,0.012212,-0.027788
HalfInchOpt1,NoGrid,12.7,900,0.05235,0.03235,-0.01765,-0.07765
HalfInchOpt1,NoGrid,12.7,1000,0.073827,0.053827,-0.056173,-0.116173
HalfInchOpt1,NoGrid,12.7,1120,0.088839,0.018839,-0.061161,-0.161161
HalfInchOpt1,NoGrid,12.7,1250,0.11169,0.04169,-0.01831,-0.15831
HalfInchOpt1,NoGrid,12.7,1400,0.133419,0.043419,-0.006581,-0.176581
HalfInchOpt1,NoGrid,12.7,1600,0.176148,0.096148,0.026148,-0.183852
HalfInchOpt1,NoGrid,12.7,1800,0.213975,0.113975,0.063975,-0.206025
HalfInchOpt1,NoGrid,12.7,2000,0.269638,0.199638,0.109638,-0.170362
HalfInchOpt1,NoGrid,12.7,2240,0.335297,0.265297,0.145297,-0.154703
HalfInchOpt1,NoGrid,12.7,2500,0.410779,0.330779,0.190779,-0.129221
HalfInchOpt1,NoGrid,12.7,2800,0.488249,0.388249,0.148249,-0.181751
HalfInchOpt1,NoGrid,12.7,3150,0.586979,0.456979,0.236979,-0.203021
HalfInchOpt1,NoGrid,12.7,3550,0.710638,0.490638,0.260638,-0.209362
HalfInchOpt1,NoGrid,12.7,4000,0.877801,0.637801,0.307801,-0.182199
HalfInchOpt1,NoGrid,12.7,4500,1.084844,0.824844,0.394844,-0.175156
HalfInchOpt1,NoGrid,12.7,5000,1.302161,1.022161,0.542161,-0.137839
HalfInchOpt1,NoGrid,12.7,5600,1.596892,1.286892,0.736892,-0.093108
HalfInchOpt1,NoGrid,12.7,6300,1.912437,1.552437,0.922437,-0.027563
HalfInchOpt1,NoGrid,12.7,7100,2.306246,1.886246,1.146246,0.106246
HalfInchOpt1,NoGrid,12.7,8000,2.784394,2.274394,1.364394,0.264394
HalfInchOpt1,NoGrid,12.7,9000,3.413206,2.793206,1.783206,0.543206
HalfInchOpt1,NoGrid,12.7,10000,4.316165,3.696165,2.646165,1.256165
HalfInchOpt1,NoGrid,12.7,11200,5.343738,4.673738,3.413738,1.553738
HalfInchOpt1,NoGrid,12.7,12500,6.145649,5.245649,3.795649,1.505649
HalfInchOpt1,NoGrid,12.7,14000,6.873183,5.943183,4.063183,1.793183
HalfInchOpt1,NoGrid,12.7,16000,7.447365,6.397365,4.017365,1.567365
HalfInchOpt1,NoGrid,12.7,18000,8.274265,7.094265,4.234265,1.244265
HalfInchOpt1,NoGrid,12.7,20000,8.728239,7.138239,4.068239,0.398239
HalfInchOpt2,Grid,12.7,500,0.040541,0.038956,0.038956,0.038956
HalfInchOpt2,Grid,12.7,560,0.031789,0.028618,0.028618,0.028618
HalfInchOpt2,Grid,12.7,630,0.037803,0.033206,0.033047,0.033047
HalfInchOpt2,Grid,12.7,710,0.043508,0.040337,0.035581,0.035581
HalfInchOpt2,Grid,12.7,800,0.0668,0.060458,0.054117,0.050946
HalfInchOpt2,Grid,12.7,900,0.073152,0.041444,0.033518,0.025591
HalfInchOpt2,Grid,12.7,1000,0.086632,0.039071,0.023217,0.007363
HalfInchOpt2,Grid,12.7,1120,0.101851,0.05429,0.022583,-0.009124
HalfInchOpt2,Grid,12.7,1250,0.132361,0.0848,0.021385,-0.010322
HalfInchOpt2,Grid,12.7,1400,0.166416,0.118855,0.039587,-0.004803
HalfInchOpt2,Grid,12.7,1600,0.205669,0.158108,0.031279,-0.008355
HalfInchOpt2,Grid,12.7,1800,0.257617,0.194203,0.05152,0.003959
HalfInchOpt2,Grid,12.7,2000,0.31764,0.254226,0.063982,0.032274
HalfInchOpt2,Grid,12.7,2240,0.396849,0.317581,0.09563,0.048069
HalfInchOpt2,Grid,12.7,2500,0.493224,0.413955,0.12859,0.096882
HalfInchOpt2,Grid,12.7,2800,0.602248,0.491272,0.190052,0.142492
HalfInchOpt2,Grid,12.7,3150,0.722733,0.58005,0.247123,0.215416
HalfInchOpt2,Grid,12.7,3550,0.870529,0.680286,0.347359,0.299798
HalfInchOpt2,Grid,12.7,4000,1.055035,0.896498,0.531864,0.309913
HalfInchOpt2,Grid,12.7,4500,1.309232,1.087281,0.675086,0.421427
HalfInchOpt2,Grid,12.7,5000,1.611932,1.34242,0.787542,0.51803
HalfInchOpt2,Grid,12.7,5600,1.94581,1.692152,0.978737,0.566542
HalfInchOpt2,Grid,12.7,6300,2.318188,2.048675,1.2877,0.764529
HalfInchOpt2,Grid,12.7,7100,2.80364,2.375592,1.519494,0.790226
HalfInchOpt2,Grid,12.7,8000,3.375341,2.820463,1.679,0.426561
HalfInchOpt2,Grid,12.7,9000,4.088988,3.613378,2.107281,0.506061
HalfInchOpt2,Grid,12.7,10000,4.941551,4.212283,2.547649,0.8196
HalfInchOpt2,Grid,12.7,11200,5.909736,5.212175,3.341444,1.2012
HalfInchOpt2,Grid,12.7,12500,6.488472,5.632375,3.61896,0.987253
HalfInchOpt2,Grid,12.7,14000,7.19234,6.19356,3.720389,0.898438
HalfInchOpt2,Grid,12.7,16000,7.900018,6.726848,3.857335,0.480506
HalfInchOpt2,Grid,12.7,18000,8.816469,7.500616,4.13964,0.429884
HalfInchOpt2,Grid,12.7,20000,9.412945,7.986115,4.006847,-0.305348
HalfInchOpt2,Grid,12.7,22400,10.1,8.32439,3.917073,-1.092683
HalfInchOpt2,Grid,12.7,25000,10.7,8.607317,3.407317,-2.506098
HalfInchOpt2,Grid,12.7,28000,11.1,8.531707,2.34878,-4.531707
HalfInchOpt2,Grid,12.7,31500,11.5,8.59878,1.052439,-7.080488
QuarterInch,Grid,6.35,500,0,0,0,-0.003553
QuarterInch,Grid,6.35,560,0,-0.010658,-0.012435,-0.015987
QuarterInch,Grid,6.35,630,0,-0.010658,-0.014211,-0.017764
QuarterInch,Grid,6.35,710,0,-0.010658,-0.015987,-0.01954
QuarterInch,Grid,6.35,800,0,-0.012435,-0.017764,-0.021317
QuarterInch,Grid,6.35,900,0,-0.014211,-0.021317,-0.024869
QuarterInch,Grid,6.35,1000,0.030199,0.015987,0.001776,-0.001776
QuarterInch,Grid,6.35,1120,0.035528,0.021317,0.001776,-0.001776
QuarterInch,Grid,6.35,1250,0.04441,0.033751,0.001776,-0.001776
QuarterInch,Grid,6.35,1400,0.053292,0.039081,0.001776,-0.001776
QuarterInch,Grid,6.35,1600,0.071056,0.056844,0.003553,-0.003553
QuarterInch,Grid,6.35,1800,0.079937,0.065726,0.005329,-0.005329
QuarterInch,Grid,6.35,2000,0.088819,0.071056,0.007106,-0.007106
QuarterInch,Grid,6.35,2240,0.106583,0.088819,0.007106,-0.007106
QuarterInch,Grid,6.35,2500,0.124347,0.106583,0.008882,-0.008882
QuarterInch,Grid,6.35,2800,0.142111,0.124347,0.015987,-0.015987
QuarterInch,Grid,6.35,3150,0.159875,0.142111,0.021317,-0.021317
QuarterInch,Grid,6.35,3550,0.195403,0.177639,0.033751,-0.033751
QuarterInch,Grid,6.35,4000,0.23093,0.23093,0.035528,-0.039081
QuarterInch,Grid,6.35,4500,0.301986,0.284222,0.071056,-0.056844
QuarterInch,Grid,6.35,5000,0.373042,0.337514,0.124347,-0.065726
QuarterInch,Grid,6.35,5600,0.461861,0.408569,0.177639,-0.071056
QuarterInch,Grid,6.35,6300,0.568444,0.479625,0.23093,-0.088819
QuarterInch,Grid,6.35,7100,0.692791,0.586208,0.301986,-0.106583
QuarterInch,Grid,6.35,8000,0.852666,0.692791,0.355278,-0.117242
QuarterInch,Grid,6.35,9000,1.048069,0.888194,0.461861,-0.142111
QuarterInch,Grid,6.35,10000,1.243472,1.012541,0.621736,-0.177639
QuarterInch,Grid,6.35,11200,1.483284,1.172416,0.692791,-0.195403
QuarterInch,Grid,6.35,12500,1.795929,1.403347,0.941486,-0.23093
QuarterInch,Grid,6.35,14000,2.184958,1.731979,1.261236,0.017764
QuarterInch,Grid,6.35,16000,2.682346,1.991331,1.403347,0.248694
QuarterInch,Grid,6.35,18000,3.126443,2.38036,1.634277,0.461861
QuarterInch,Grid,6.35,20000,3.789036,2.966568,1.989555,0.586208
QuarterInch,Grid,6.35,22400,4.600846,3.623832,2.344832,0.621736
QuarterInch,Grid,6.35,25000,5.311401,4.29886,2.646818,0.586208
QuarterInch,Grid,6.35,28000,6.164067,4.956123,3.037624,0.586208
QuarterInch,Grid,6.35,31500,7.016734,5.613387,3.428429,0.460085
QuarterInch,Grid,6.35,35500,7.709525,6.235123,3.694888,0.232707
QuarterInch,Grid,6.35,40000,8.047039,6.554873,3.515472,-0.390805
QuarterInch,Grid,6.35,45000,8.308168,6.67922,3.398231,-0.897076
QuarterInch,Grid,6.35,50000,8.308168,7.087789,3.623832,-1.314527
QuarterInch,Grid,6.35,56000,8.134082,6.501581,2.966568,-2.291541
QuarterInch,Grid,6.35,63000,7.578072,5.584965,1.522365,-4.067929
QuarterInch,Grid,6.35,71000,7.4,5.367812,0.290894,-5.150183
QuarterInch,Grid,6.35,80000,7.3,5.186098,-0.80033,-7.24862
QuarterInch,Grid,6.35,90000,7.2,5.560394,-0.804405,-8.496167
QuarterInch,NoGrid,6.35,500,0.001776,0.001776,0.001776,-0.001776
QuarterInch,NoGrid,6.35,560,0.014211,0.003553,0.001776,-0.001776
QuarterInch,NoGrid,6.35,630,0.015987,0.005329,0.001776,-0.001776
QuarterInch,NoGrid,6.35,710,0.017764,0.007106,0.001776,-0.001776
QuarterInch,NoGrid,6.35,800,0.01954,0.007106,0.001776,-0.001776
QuarterInch,NoGrid,6.35,900,0.023093,0.008882,0.001776,-0.001776
QuarterInch,NoGrid,6.35,1000,0.030199,0.015987,0.001776,-0.001776
QuarterInch,NoGrid,6.35,1120,0.035528,0.021317,0.001776,-0.001776
QuarterInch,NoGrid,6.35,1250,0.04441,0.033751,0.001776,-0.001776
QuarterInch,NoGrid,6.35,1400,0.053292,0.039081,0.001776,-0.001776
QuarterInch,NoGrid,6.35,1600,0.071056,0.056844,0.003553,-0.003553
QuarterInch,NoGrid,6.35,1800,0.079937,0.065726,0.005329,-0.005329
QuarterInch,NoGrid,6.35,2000,0.088819,0.071056,0.007106,-0.007106
QuarterInch,NoGrid,6.35,2240,0.106583,0.088819,0.007106,-0.007106
QuarterInch,NoGrid,6.35,2500,0.124347,0.106583,0.008882,-0.008882
QuarterInch,NoGrid,6.35,2800,0.142111,0.124347,0.015987,-0.015987
QuarterInch,NoGrid,6.35,3150,0.159875,0.142111,0.021317,-0.021317
QuarterInch,NoGrid,6.35,3550,0.195403,0.177639,0.033751,-0.033751
QuarterInch,NoGrid,6.35,4000,0.23093,0.23093,0.035528,-0.039081
QuarterInch,NoGrid,6.35,4500,0.301986,0.284222,0.071056,-0.056844
QuarterInch,NoGrid,6.35,5000,0.373042,0.337514,0.124347,-0.065726
QuarterInch,NoGrid,6.35,5600,0.461861,0.408569,0.177639,-0.071056
QuarterInch,NoGrid,6.35,6300,0.568444,0.479625,0.23093,-0.088819
QuarterInch,NoGrid,6.35,7100,0.692791,0.586208,0.301986,-0.106583
QuarterInch,NoGrid,6.35,8000,0.852666,0.692791,0.355278,-0.117242
QuarterInch,NoGrid,6.35,9000,1.048069,0.888194,0.461861,-0.142111
QuarterInch,NoGrid,6.35,10000,1.243472,1.012541,0.621736,-0.177639
QuarterInch,NoGrid,6.35,11200,1.483284,1.172416,0.692791,-0.195403
QuarterInch,NoGrid,6.35,12500,1.795929,1.403347,0.941486,-0.23093
QuarterInch,NoGrid,6.35,14000,2.184958,1.731979,1.261236,0.017764
QuarterInch,NoGrid,6.35,16000,2.682346,1.991331,1.403347,0.248694
QuarterInch,NoGrid,6.35,18000,3.126443,2.38036,1.634277,0.461861
QuarterInch,NoGrid,6.35,20000,3.789036,2.966568,1.989555,0.586208
QuarterInch,NoGrid,6.35,22400,4.600846,3.623832,2.344832,0.621736
QuarterInch,NoGrid,6.35,25000,5.311401,4.29886,2.646818,0.586208
QuarterInch,NoGrid,6.35,28000,6.164067,4.956123,3.037624,0.586208
QuarterInch,NoGrid,6.35,31500,7.016734,5.613387,3.428429,0.460085
QuarterInch,NoGrid,6.35,35500,7.709525,6.235123,3.694888,0.232707
QuarterInch,NoGrid,6.35,40000,8.047039,6.554873,3.515472,-0.390805
QuarterInch,NoGrid,6.35,45000,8.308168,6.67922,3.398231,-0.897076
QuarterInch,NoGrid,6.35,50000,8.308168,7.087789,3.623832,-1.314527
QuarterInch,NoGrid,6.35,56000,8.134082,6.501581,2.966568,-2.291541
QuarterInch,NoGrid,6.35,63000,7.578072,5.584965,1.522365,-4.067929
QuarterInch,NoGrid,6.35,71000,7.070025,5.037837,-0.039081,-5.480158
QuarterInch,NoGrid,6.35,80000,6.35947,4.245568,-1.74086,-8.18915
QuarterInch,NoGrid,6.35,90000,5.624045,3.984439,-2.38036,-10.072121
OneEighthInch,Grid,3.175,500,0,0,0,0
OneEighthInch,Grid,3.175,560,0.001996,0.000179,-0.0022,0.0131
OneEighthInch,Grid,3.175,630,0.005274,0.002166,0.0001,0.0136
OneEighthInch,Grid,3.175,710,0.009023,0.004448,0.0028,0.0143
OneEighthInch,Grid,3.175,800,0.013243,0.00703,0.0057,0.015
OneEighthInch,Grid,3.175,900,0.017937,0.009916,0.009,0.0158
OneEighthInch,Grid,3.175,1000,0.022635,0.012822,0.0123,0.0167
OneEighthInch,Grid,3.175,1120,0.02828,0.016334,0.0162,0.0176
OneEighthInch,Grid,3.175,1250,0.034405,0.020171,0.0204,0.0187
OneEighthInch,Grid,3.175,1400,0.041484,0.02464,0.0253,0.02
OneEighthInch,Grid,3.175,1600,0.050947,0.03067,0.0317,0.0217
OneEighthInch,Grid,3.175,1800,0.060438,0.036783,0.0381,0.0234
OneEighthInch,Grid,3.175,2000,0.069962,0.04298,0.0445,0.0251
OneEighthInch,Grid,3.175,2240,0.081437,0.050531,0.0521,0.0272
OneEighthInch,Grid,3.175,2500,0.09393,0.058854,0.0603,0.0295
OneEighthInch,Grid,3.175,2800,0.108433,0.068648,0.0697,0.0322
OneEighthInch,Grid,3.175,3150,0.125482,0.080337,0.0806,0.0354
OneEighthInch,Grid,3.175,3550,0.145154,0.094053,0.0931,0.0392
OneEighthInch,Grid,3.175,4000,0.167548,0.109955,0.1071,0.0435
OneEighthInch,Grid,3.175,4500,0.192789,0.128225,0.1226,0.0484
OneEighthInch,Grid,3.175,5000,0.218442,0.147151,0.1382,0.0534
OneEighthInch,Grid,3.175,5600,0.249818,0.170754,0.157,0.0596
OneEighthInch,Grid,3.175,6300,0.287313,0.199563,0.1792,0.0671
OneEighthInch,Grid,3.175,7100,0.331443,0.234225,0.205,0.0761
OneEighthInch,Grid,3.175,8000,0.382862,0.275516,0.2348,0.0866
OneEighthInch,Grid,3.175,9000,0.442384,0.324346,0.269,0.0988
OneEighthInch,Grid,3.175,10000,0.504612,0.376384,0.3047,0.1117
OneEighthInch,Grid,3.175,11200,0.58311,0.443193,0.3496,0.1279
OneEighthInch,Grid,3.175,12500,0.673159,0.521084,0.4013,0.1466
OneEighthInch,Grid,3.175,14000,0.783914,0.618249,0.4654,0.1695
OneEighthInch,Grid,3.175,16000,0.943619,0.760185,0.5588,0.2022
OneEighthInch,Grid,3.175,18000,1.117676,0.91642,0.6623,0.2375
OneEighthInch,Grid,3.175,20000,1.306506,1.086954,0.7762,0.2751
OneEighthInch,Grid,3.175,22400,1.552856,1.310223,0.9274,0.3233
OneEighthInch,Grid,3.175,25000,1.843948,1.574371,1.1089,0.3788
OneEighthInch,Grid,3.175,28000,2.21028,1.906491,1.3409,0.4466
OneEighthInch,Grid,3.175,31500,2.676572,2.327978,1.6399,0.5293
OneEighthInch,Grid,3.175,35500,3.255634,2.848832,2.0144,0.6265
OneEighthInch,Grid,3.175,40000,3.956232,3.474845,2.4683,0.7357
OneEighthInch,Grid,3.175,45000,4.779458,4.204439,2.9977,0.8508
OneEighthInch,Grid,3.175,50000,5.629069,4.950436,3.5338,0.9522
OneEighthInch,Grid,3.175,56000,6.650964,5.837532,4.1554,1.0442
OneEighthInch,Grid,3.175,63000,7.794987,6.814708,4.8032,1.0921
OneEighthInch,Grid,3.175,71000,8.962678,7.786509,5.3741,1.0395
OneEighthInch,Grid,3.175,80000,9.999704,8.605624,5.7192,0.8025
OneEighthInch,Grid,3.175,90000,10.701895,9.076715,5.6584,0.2671
OneEighthInch,Grid,3.175,100000,10.858402,9.015594,5.1015,-0.5999
OneEighthInch,Grid,3.175,112000,10.309181,8.214852,3.8345,-2.1155
OneEighthInch,Grid,3.175,125000,8.91421,6.53861,1.9325,-4.3342
OneEighthInch,Grid,3.175,140000,6.609208,3.873852,-0.4837,-7.5062
OneEighthInch,NoGrid,3.175,500,0,0,0,0
OneEighthInch,NoGrid,3.175,560,0.0152,-0.0059,0.0191,-0.0144
OneEighthInch,NoGrid,3.175,630,0.0147,-0.0058,0.019,-0.0138
OneEighthInch,NoGrid,3.175,710,0.0141,-0.0057,0.0188,-0.0132
OneEighthInch,NoGrid,3.175,800,0.0135,-0.0055,0.0187,-0.0125
OneEighthInch,NoGrid,3.175,900,0.0129,-0.0052,0.0186,-0.0117
OneEighthInch,NoGrid,3.175,1000,0.0125,-0.0049,0.0185,-0.0109
OneEighthInch,NoGrid,3.175,1120,0.012,-0.0044,0.0185,-0.0099
OneEighthInch,NoGrid,3.175,1250,0.0117,-0.0037,0.0185,-0.0088
OneEighthInch,NoGrid,3.175,1400,0.0115,-0.0029,0.0185,-0.0075
OneEighthInch,NoGrid,3.175,1600,0.0116,-0.0015,0.0187,-0.0058
OneEighthInch,NoGrid,3.175,1800,0.0121,0.0002,0.019,-0.004
OneEighthInch,NoGrid,3.175,2000,0.0129,0.0021,0.0195,-0.0022
OneEighthInch,NoGrid,3.175,2240,0.0143,0.0047,0.0202,0.0001
OneEighthInch,NoGrid,3.175,2500,0.0164,0.008,0.0212,0.0025
OneEighthInch,NoGrid,3.175,2800,0.0196,0.0122,0.0226,0.0054
OneEighthInch,NoGrid,3.175,3150,0.0243,0.0179,0.0246,0.009
OneEighthInch,NoGrid,3.175,3550,0.031,0.0252,0.0274,0.0131
OneEighthInch,NoGrid,3.175,4000,0.04,0.0346,0.0311,0.0179
OneEighthInch,NoGrid,3.175,4500,0.052,0.0465,0.036,0.0234
OneEighthInch,NoGrid,3.175,5000,0.066,0.0597,0.0417,0.0291
OneEighthInch,NoGrid,3.175,5600,0.0853,0.0774,0.0496,0.0362
OneEighthInch,NoGrid,3.175,6300,0.1113,0.1005,0.0602,0.0448
OneEighthInch,NoGrid,3.175,7100,0.1453,0.13,0.0741,0.0549
OneEighthInch,NoGrid,3.175,8000,0.189,0.167,0.0922,0.0667
OneEighthInch,NoGrid,3.175,9000,0.2438,0.2128,0.1151,0.0802
OneEighthInch,NoGrid,3.175,10000,0.305,0.2631,0.141,0.0942
OneEighthInch,NoGrid,3.175,11200,0.3864,0.3292,0.1759,0.1114
OneEighthInch,NoGrid,3.175,12500,0.4837,0.4076,0.2182,0.1304
OneEighthInch,NoGrid,3.175,14000,0.6068,0.506,0.2728,0.1527
OneEighthInch,NoGrid,3.175,16000,0.7875,0.6494,0.3545,0.1827
OneEighthInch,NoGrid,3.175,18000,0.985,0.8054,0.4459,0.2124
OneEighthInch,NoGrid,3.175,20000,1.1969,0.9725,0.5461,0.2415
OneEighthInch,NoGrid,3.175,22400,1.4673,1.1854,0.677,0.2749
OneEighthInch,NoGrid,3.175,25000,1.7765,1.429,0.8302,0.3083
OneEighthInch,NoGrid,3.175,28000,2.1488,1.7228,1.019,0.3424
OneEighthInch,NoGrid,3.175,31500,2.5972,2.0778,1.2518,0.3746
OneEighthInch,NoGrid,3.175,35500,3.1178,2.4924,1.5278,0.399
OneEighthInch,NoGrid,3.175,40000,3.701,2.9602,1.8419,0.4082
OneEighthInch,NoGrid,3.175,45000,4.3304,3.47,2.1829,0.3927
OneEighthInch,NoGrid,3.175,50000,4.9256,3.9575,2.502,0.3474
OneEighthInch,NoGrid,3.175,56000,5.578,4.4988,2.8382,0.2509
OneEighthInch,NoGrid,3.175,63000,6.235,5.0527,3.143,0.0786
OneEighthInch,NoGrid,3.175,71000,6.8313,5.564,3.3491,-0.1963
OneEighthInch,NoGrid,3.175,80000,7.2958,5.967,3.3777,-0.5972
OneEighthInch,NoGrid,3.175,90000,7.5654,6.1933,3.1551,-1.1349
OneEighthInch,NoGrid,3.175,100000,7.6074,6.1946,2.6971,-1.7332
OneEighthInch,NoGrid,3.175,112000,7.4277,5.9341,1.9336,-2.4571
OneEighthInch,NoGrid,3.175,125000,7.0628,5.4019,1.0246,-3.1191
OneEighthInch,NoGrid,3.175,140000,6.5873,4.5995,0.1613,-3.4842
Rugged146AE,RuggedGrid,12.7,500,0.040541,0.038024,0.025852,0.022042
Rugged146AE,RuggedGrid,12.7,560,0.031789,0.029067,0.019397,0.015745
Rugged146AE,RuggedGrid,12.7,630,0.037803,0.034584,0.026974,0.022915
Rugged146AE,RuggedGrid,12.7,710,0.043508,0.039397,0.033051,0.02777
Rugged146AE,RuggedGrid,12.7,800,0.0668,0.061296,0.055044,0.047449
Rugged146AE,RuggedGrid,12.7,900,0.073152,0.065648,0.057934,0.046642
Rugged146AE,RuggedGrid,12.7,1000,0.086667,0.076721,0.065986,0.049852
Rugged146AE,RuggedGrid,12.7,1120,0.103132,0.089717,0.073427,0.050035
Rugged146AE,RuggedGrid,12.7,1250,0.141349,0.123574,0.099053,0.066091
Rugged146AE,RuggedGrid,12.7,1400,0.185017,0.161513,0.124866,0.078769
Rugged146AE,RuggedGrid,12.7,1600,0.216535,0.184385,0.12762,0.060737
Rugged146AE,RuggedGrid,12.7,1800,0.259255,0.217488,0.136622,0.045478
Rugged146AE,RuggedGrid,12.7,2000,0.333796,0.281621,0.173202,0.054602
Rugged146AE,RuggedGrid,12.7,2240,0.425503,0.360018,0.214666,0.059263
Rugged146AE,RuggedGrid,12.7,2500,0.525736,0.445085,0.255789,0.056232
Rugged146AE,RuggedGrid,12.7,2800,0.649647,0.550858,0.306868,0.051456
Rugged146AE,RuggedGrid,12.7,3150,0.811882,0.691479,0.379729,0.053396
Rugged146AE,RuggedGrid,12.7,3550,0.996227,0.851002,0.458458,0.044698
Rugged146AE,RuggedGrid,12.7,4000,1.249688,1.076873,0.591318,0.072646
Rugged146AE,RuggedGrid,12.7,4500,1.580544,1.377881,0.788618,0.147139
Rugged146AE,RuggedGrid,12.7,5000,1.951172,1.719673,1.02809,0.259064
Rugged146AE,RuggedGrid,12.7,5600,2.375411,2.110527,1.299492,0.373362
Rugged146AE,RuggedGrid,12.7,6300,2.869188,2.566413,1.621452,0.509192
Rugged146AE,RuggedGrid,12.7,7100,3.435686,3.089599,1.998082,0.672568
Rugged146AE,RuggedGrid,12.7,8000,4.09549,3.698311,2.447044,0.884232
Rugged146AE,RuggedGrid,12.7,9000,4.711333,4.251328,2.822591,1.002222
Rugged146AE,RuggedGrid,12.7,10000,5.316232,4.784315,3.170347,1.100429
Rugged146AE,RuggedGrid,12.7,11200,5.811722,5.179505,3.322886,0.964354
Rugged146AE,RuggedGrid,12.7,12500,6.419875,5.662209,3.50816,0.848405
Rugged146AE,RuggedGrid,12.7,14000,7.398359,6.479498,3.932386,0.934165
Rugged146AE,RuggedGrid,12.7,16000,8.097663,6.953615,3.809527,0.358331
Rugged146AE,RuggedGrid,12.7,18000,9.047518,7.688902,3.89946,-0.034775
Rugged146AE,RuggedGrid,12.7,20000,9.409035,7.857474,3.418936,-1.062018
